<code_scheme name="IP12_23vt Formatting" version="173">
  <option name="ENABLE_SECOND_REFORMAT" value="true" />
  <JavaCodeStyleSettings>
    <option name="RECORD_COMPONENTS_WRAP" value="0" />
  </JavaCodeStyleSettings>
  <codeStyleSettings language="JAVA">
    <option name="RIGHT_MARGIN" value="120" />
    <option name="ALIGN_MULTILINE_CHAINED_METHODS" value="true" />
    <option name="ALIGN_CONSECUTIVE_VARIABLE_DECLARATIONS" value="true" />
    <option name="RESOURCE_LIST_WRAP" value="5" />
    <option name="RESOURCE_LIST_RPAREN_ON_NEXT_LINE" value="true" />
    <option name="METHOD_CALL_CHAIN_WRAP" value="1" />
    <option name="BINARY_OPERATION_WRAP" value="5" />
    <option name="BINARY_OPERATION_SIGN_ON_NEXT_LINE" value="true" />
    <option name="TERNARY_OPERATION_WRAP" value="5" />
    <option name="IF_BRACE_FORCE" value="1" />
    <option name="FOR_BRACE_FORCE" value="1" />
    <option name="WRAP_ON_TYPING" value="0" />
  </codeStyleSettings>
</code_scheme>